time_step,avg_spread_scale,avg_spread_depth
6,0.0,0.0
6,0.0,0.0
6,0.0,0.0
6,18.333333333333332,0.3333333333333333
6,18.333333333333332,0.3333333333333333
6,18.333333333333332,0.3333333333333333
